{"fetched_at":1783991143567,"assets":{"Bitcoin":[{"x":1783908695000,"y":63228.3984375}],"Ethereum":[{"x":1783908693000,"y":1799.0}],"XRP":[{"x":1783908698000,"y":1.07790005}],"BNB":[{"x":1783908682000,"y":571.03997803}],"Solana":[{"x":1783908695000,"y":76.13999939}],"Dogecoin":[{"x":1783905005000,"y":0.07287}],"Cardano":[{"x":1783905008000,"y":0.1612}],"Avalanche":[{"x":1783905003000,"y":6.40999985}],"Chainlink":[{"x":1783908685000,"y":7.95800018}],"Shiba Inu":[{"x":1783908654000,"y":4.2e-06}],"Stellar":[{"x":1783908695000,"y":0.183834}],"Hedera":[{"x":1783905003000,"y":0.06795}],"Polkadot":[{"x":1783908661000,"y":0.83099997}],"Litecoin":[{"x":1783908697000,"y":43.81999969}],"Bitcoin Cash":[{"x":1783908691000,"y":239.5}],"Near Protocol":[{"x":1783908659000,"y":1.875}],"Internet Computer":[{"x":1783908684000,"y":2.19400001}],"Ethereum Classic":[{"x":1783908684000,"y":6.8499999}],"Aave":[{"x":1783908692000,"y":96.13999939}],"Optimism":[{"x":1783908684000,"y":0.1}],"Filecoin":[{"x":1783908669000,"y":0.76599997}],"VeChain":[{"x":1783908689000,"y":0.00481}],"Tether":[{"x":1783905008000,"y":0.99924999}],"Zcash":[{"x":1783908694000,"y":527.11999512}]}}