{"fetched_at":1775433786544,"assets":{"Cardano":[{"x":1775433600000,"y":0.25043634},{"x":1775433660000,"y":0.25159359}]}}