{"fetched_at":1778068241407,"assets":{"Bitcoin":[{"x":1777982008000,"y":80937.359375}],"Ethereum":[{"x":1777982008000,"y":2376.98999023}],"XRP":[{"x":1777982007000,"y":1.40629995}],"BNB":[{"x":1777981991000,"y":628.45001221}],"Solana":[{"x":1777981971000,"y":84.87000275}],"Dogecoin":[{"x":1777981994000,"y":0.11188}],"Cardano":[{"x":1777982003000,"y":0.25839999}],"Avalanche":[{"x":1777982008000,"y":9.38000011}],"Tron":[{"x":1777981924000,"y":0.33958521}],"Chainlink":[{"x":1777982003000,"y":9.72000027}],"Shiba Inu":[{"x":1777981996000,"y":6.26e-06}],"Stellar":[{"x":1777982007000,"y":0.15931}],"Hedera":[{"x":1777982003000,"y":0.08939}],"Polkadot":[{"x":1777981961000,"y":1.25600004}],"Litecoin":[{"x":1777982002000,"y":55.47999954}],"Bitcoin Cash":[{"x":1777981995000,"y":460.13000488}],"Near Protocol":[{"x":1777982006000,"y":1.27600002}],"Internet Computer":[{"x":1777982001000,"y":2.4920001}],"Monero":[{"x":1777981924000,"y":407.07452393}],"Ethereum Classic":[{"x":1777981991000,"y":8.96000004}],"Aave":[{"x":1777981980000,"y":93.23999786}],"Arbitrum":[{"x":1777981924000,"y":0.00075706}],"Optimism":[{"x":1777981991000,"y":0.13}],"Filecoin":[{"x":1777981986000,"y":0.954}],"VeChain":[{"x":1777981961000,"y":0.00726}]}}