{"fetched_at":1775952276487,"assets":{"Cardano":[{"x":1775952000000,"y":0.24965976},{"x":1775952060000,"y":0.24960956}]}}