{"fetched_at":1775001790606,"assets":{"BNB":[{"x":1775001660000,"y":616.86224365}],"Cardano":[{"x":1775001660000,"y":0.24170996}]}}